{
    "x": -1.7687788330000003,
    "y": -0.0017389055928151986,
    "zoom": 3097098.9765625
}