{
    "x": -0.7475368562508453,
    "y": -0.1004810423951048,
    "zoom": 256.0
}