{
    "x": -0.776592847,
    "y": -0.13664084799999998,
    "zoom": 1821326.25
}