{
    "x": -0.3739734406401073,
    "y": 0.6597704198880133,
    "zoom": 484254.0
}